employee_id,first_name,last_name,email,title,level_code,level_band,practice_group,sub_team,office_city,country,region,office_type,work_model,hire_date,tenure_years,joined_after_relaunch,manager_id,manager_name,dms_role,cohort_key
VL-1001,Simon,Rasmussen,simon.rasmussen@vandelay.example,General Counsel,L1,Lawyer - Leadership,Office of the General Counsel,,New York,United States,Americas - US,HQ,Hybrid,2007-11-21,18.8,No,,,Standard,Office of the General Counsel | Lawyer - Leadership
VL-1216,Owen,Whitfield,owen.whitfield@vandelay.example,Executive Assistant,EA,Executive Assistant,Office of the General Counsel,Executive Support,New York,United States,Americas - US,HQ,Office,2025-06-28,1.2,Yes,VL-1001,Simon Rasmussen,Standard,Office of the General Counsel | Executive Assistant
VL-1217,Ruth,Osman,ruth.osman@vandelay.example,Executive Assistant,EA,Executive Assistant,Office of the General Counsel,Executive Support,New York,United States,Americas - US,HQ,Hybrid,2018-05-06,8.3,No,VL-1001,Simon Rasmussen,Standard,Office of the General Counsel | Executive Assistant
VL-1002,Aisha,Villanueva,aisha.villanueva@vandelay.example,"Deputy General Counsel, Commercial & Transactions",L2,Lawyer - Leadership,Commercial & Transactions,,New York,United States,Americas - US,HQ,Hybrid,2007-06-02,19.3,No,VL-1001,Simon Rasmussen,Standard,Commercial & Transactions | Lawyer - Leadership
VL-1010,Solveig,Ramanathan,solveig.ramanathan@vandelay.example,Attorney,L5,Lawyer - Junior,Commercial & Transactions,,London,United Kingdom,EMEA,International office,Hybrid,2019-01-02,7.7,No,VL-1002,Aisha Villanueva,Standard,Commercial & Transactions | Lawyer - Junior
VL-1011,George,Byrne,george.byrne@vandelay.example,Attorney,L5,Lawyer - Junior,Commercial & Transactions,,London,United Kingdom,EMEA,International office,Office,2026-01-02,0.7,Yes,VL-1002,Aisha Villanueva,Standard,Commercial & Transactions | Lawyer - Junior
VL-1012,Zainab,Rasmussen,zainab.rasmussen@vandelay.example,Counsel,L4,Lawyer - Mid,Commercial & Transactions,,Singapore,Singapore,APAC,International office,Hybrid,2003-10-21,22.9,No,VL-1002,Aisha Villanueva,Standard,Commercial & Transactions | Lawyer - Mid
VL-1013,Rohan,Okafor,rohan.okafor@vandelay.example,Attorney,L5,Lawyer - Junior,Commercial & Transactions,,London,United Kingdom,EMEA,International office,Hybrid,2015-12-28,10.7,No,VL-1002,Aisha Villanueva,Standard,Commercial & Transactions | Lawyer - Junior
VL-1014,Hao,Krishnan,hao.krishnan@vandelay.example,Counsel,L4,Lawyer - Mid,Commercial & Transactions,,Singapore,Singapore,APAC,International office,Hybrid,2019-06-05,7.3,No,VL-1002,Aisha Villanueva,Standard,Commercial & Transactions | Lawyer - Mid
VL-1015,Bram,Contreras,bram.contreras@vandelay.example,Counsel,L4,Lawyer - Mid,Commercial & Transactions,,Atlanta,United States,Americas - US,Regional office,Hybrid,2020-12-22,5.7,No,VL-1002,Aisha Villanueva,Standard,Commercial & Transactions | Lawyer - Mid
VL-1016,Daniel,Fontaine,daniel.fontaine@vandelay.example,Counsel,L4,Lawyer - Mid,Commercial & Transactions,,Houston,United States,Americas - US,Regional office,Hybrid,2025-12-05,0.8,Yes,VL-1002,Aisha Villanueva,Standard,Commercial & Transactions | Lawyer - Mid
VL-1017,Lorenzo,Alvarado,lorenzo.alvarado@vandelay.example,Counsel,L4,Lawyer - Mid,Commercial & Transactions,,New York,United States,Americas - US,HQ,Office,2018-10-09,7.9,No,VL-1002,Aisha Villanueva,Standard,Commercial & Transactions | Lawyer - Mid
VL-1018,Devin,Okoro,devin.okoro@vandelay.example,Attorney,L5,Lawyer - Junior,Commercial & Transactions,,New York,United States,Americas - US,HQ,Office,2007-11-02,18.9,No,VL-1002,Aisha Villanueva,Standard,Commercial & Transactions | Lawyer - Junior
VL-1019,Miles,Castillo,miles.castillo@vandelay.example,Counsel,L4,Lawyer - Mid,Commercial & Transactions,,New York,United States,Americas - US,HQ,Office,2015-03-16,11.5,No,VL-1002,Aisha Villanueva,Standard,Commercial & Transactions | Lawyer - Mid
VL-1020,Miles,Wentworth,miles.wentworth@vandelay.example,Attorney,L5,Lawyer - Junior,Commercial & Transactions,,Chicago,United States,Americas - US,Regional office,Hybrid,2026-03-15,0.5,Yes,VL-1002,Aisha Villanueva,Standard,Commercial & Transactions | Lawyer - Junior
VL-1021,Reuben,Kowalczyk,reuben.kowalczyk@vandelay.example,Senior Counsel,L3,Lawyer - Senior,Commercial & Transactions,,Atlanta,United States,Americas - US,Regional office,Office,2023-04-18,3.4,No,VL-1002,Aisha Villanueva,Standard,Commercial & Transactions | Lawyer - Senior
VL-1022,Kwame,Baptiste,kwame.baptiste@vandelay.example,Attorney,L5,Lawyer - Junior,Commercial & Transactions,,San Francisco,United States,Americas - US,Regional office,Remote,2016-04-13,10.4,No,VL-1002,Aisha Villanueva,Standard,Commercial & Transactions | Lawyer - Junior
VL-1023,Kenji,Karlsson,kenji.karlsson@vandelay.example,Counsel,L4,Lawyer - Mid,Commercial & Transactions,,New York,United States,Americas - US,HQ,Hybrid,2025-11-28,0.8,Yes,VL-1002,Aisha Villanueva,Standard,Commercial & Transactions | Lawyer - Mid
VL-1024,Selin,Nakamura,selin.nakamura@vandelay.example,Counsel,L4,Lawyer - Mid,Commercial & Transactions,,New York,United States,Americas - US,HQ,Office,2020-11-26,5.8,No,VL-1002,Aisha Villanueva,Standard,Commercial & Transactions | Lawyer - Mid
VL-1025,Sienna,Pereira,sienna.pereira@vandelay.example,Attorney,L5,Lawyer - Junior,Commercial & Transactions,,Los Angeles,United States,Americas - US,Regional office,Hybrid,2020-10-01,5.9,No,VL-1002,Aisha Villanueva,Standard,Commercial & Transactions | Lawyer - Junior
VL-1026,Kwame,Duarte,kwame.duarte@vandelay.example,Senior Counsel,L3,Lawyer - Senior,Commercial & Transactions,,New York,United States,Americas - US,HQ,Hybrid,2022-07-28,4.1,No,VL-1002,Aisha Villanueva,Standard,Commercial & Transactions | Lawyer - Senior
VL-1027,Bram,Ghosh,bram.ghosh@vandelay.example,Senior Counsel,L3,Lawyer - Senior,Commercial & Transactions,,San Francisco,United States,Americas - US,Regional office,Hybrid,2024-01-25,2.6,No,VL-1002,Aisha Villanueva,Standard,Commercial & Transactions | Lawyer - Senior
VL-1028,Renata,Iyer,renata.iyer@vandelay.example,Counsel,L4,Lawyer - Mid,Commercial & Transactions,,"Washington, DC",United States,Americas - US,Regional office,Hybrid,2023-10-15,2.9,No,VL-1002,Aisha Villanueva,Standard,Commercial & Transactions | Lawyer - Mid
VL-1029,Samuel,Novak,samuel.novak@vandelay.example,Attorney,L5,Lawyer - Junior,Commercial & Transactions,,New York,United States,Americas - US,HQ,Hybrid,2026-03-09,0.5,Yes,VL-1002,Aisha Villanueva,Standard,Commercial & Transactions | Lawyer - Junior
VL-1030,Camille,Diallo,camille.diallo@vandelay.example,Counsel,L4,Lawyer - Mid,Commercial & Transactions,,New York,United States,Americas - US,HQ,Remote,2011-01-11,15.7,No,VL-1002,Aisha Villanueva,Standard,Commercial & Transactions | Lawyer - Mid
VL-1031,Henry,Tremblay,henry.tremblay@vandelay.example,Senior Counsel,L3,Lawyer - Senior,Commercial & Transactions,,New York,United States,Americas - US,HQ,Hybrid,2013-12-17,12.7,No,VL-1002,Aisha Villanueva,Standard,Commercial & Transactions | Lawyer - Senior
VL-1032,Kwame,Delgado,kwame.delgado@vandelay.example,Attorney,L5,Lawyer - Junior,Commercial & Transactions,,New York,United States,Americas - US,HQ,Hybrid,2014-09-09,12,No,VL-1002,Aisha Villanueva,Standard,Commercial & Transactions | Lawyer - Junior
VL-1033,Tamar,Fontaine,tamar.fontaine@vandelay.example,Senior Counsel,L3,Lawyer - Senior,Commercial & Transactions,,New York,United States,Americas - US,HQ,Office,2013-05-24,13.3,No,VL-1002,Aisha Villanueva,Standard,Commercial & Transactions | Lawyer - Senior
VL-1034,Victor,Kessler,victor.kessler@vandelay.example,Counsel,L4,Lawyer - Mid,Commercial & Transactions,,New York,United States,Americas - US,HQ,Hybrid,2026-01-11,0.7,Yes,VL-1002,Aisha Villanueva,Standard,Commercial & Transactions | Lawyer - Mid
VL-1035,Miles,Mbeki,miles.mbeki@vandelay.example,Counsel,L4,Lawyer - Mid,Commercial & Transactions,,New York,United States,Americas - US,HQ,Hybrid,2018-01-10,8.7,No,VL-1002,Aisha Villanueva,Standard,Commercial & Transactions | Lawyer - Mid
VL-1036,Simon,Karlsson,simon.karlsson@vandelay.example,Counsel,L4,Lawyer - Mid,Commercial & Transactions,,Houston,United States,Americas - US,Regional office,Hybrid,2006-11-17,19.8,No,VL-1002,Aisha Villanueva,Standard,Commercial & Transactions | Lawyer - Mid
VL-1037,Nathan,Novak,nathan.novak@vandelay.example,Attorney,L5,Lawyer - Junior,Commercial & Transactions,,Atlanta,United States,Americas - US,Regional office,Hybrid,2025-08-13,1.1,Yes,VL-1002,Aisha Villanueva,Standard,Commercial & Transactions | Lawyer - Junior
VL-1038,Nia,Rutherford,nia.rutherford@vandelay.example,Senior Counsel,L3,Lawyer - Senior,Commercial & Transactions,,New York,United States,Americas - US,HQ,Hybrid,2023-02-13,3.6,No,VL-1002,Aisha Villanueva,Standard,Commercial & Transactions | Lawyer - Senior
VL-1039,Ruth,Ferrer,ruth.ferrer@vandelay.example,Senior Counsel,L3,Lawyer - Senior,Commercial & Transactions,,Chicago,United States,Americas - US,Regional office,Hybrid,2002-09-13,24,No,VL-1002,Aisha Villanueva,Standard,Commercial & Transactions | Lawyer - Senior
VL-1040,Cormac,Abubakar,cormac.abubakar@vandelay.example,Attorney,L5,Lawyer - Junior,Commercial & Transactions,,New York,United States,Americas - US,HQ,Hybrid,2006-03-04,20.5,No,VL-1002,Aisha Villanueva,Standard,Commercial & Transactions | Lawyer - Junior
VL-1150,Yara,Oduya,yara.oduya@vandelay.example,Paralegal,P2,Paraprofessional,Commercial & Transactions,Paralegals,New York,United States,Americas - US,HQ,Hybrid,2023-09-23,3,No,VL-1136,Ada Paredes,Standard,Commercial & Transactions | Paraprofessional
VL-1151,Kavya,Sinclair,kavya.sinclair@vandelay.example,Paralegal,P2,Paraprofessional,Commercial & Transactions,Paralegals,"Washington, DC",United States,Americas - US,Regional office,Office,2012-02-24,14.5,No,VL-1136,Ada Paredes,Standard,Commercial & Transactions | Paraprofessional
VL-1152,Ingrid,Larsson,ingrid.larsson@vandelay.example,Paralegal,P2,Paraprofessional,Commercial & Transactions,Paralegals,Chicago,United States,Americas - US,Regional office,Hybrid,2018-05-17,8.3,No,VL-1136,Ada Paredes,Standard,Commercial & Transactions | Paraprofessional
VL-1153,Maya,Adler,maya.adler@vandelay.example,Paralegal,P2,Paraprofessional,Commercial & Transactions,Paralegals,Chicago,United States,Americas - US,Regional office,Hybrid,2025-12-27,0.7,Yes,VL-1136,Ada Paredes,Standard,Commercial & Transactions | Paraprofessional
VL-1154,Declan,Hargreaves,declan.hargreaves@vandelay.example,Paralegal,P2,Paraprofessional,Commercial & Transactions,Paralegals,London,United Kingdom,EMEA,International office,Hybrid,2014-03-28,12.5,No,VL-1136,Ada Paredes,Standard,Commercial & Transactions | Paraprofessional
VL-1164,Daniel,Ellison,daniel.ellison@vandelay.example,Contracts Manager,P1,Paraprofessional - Lead,Commercial & Transactions,Contracts,New York,United States,Americas - US,HQ,Hybrid,2017-11-07,8.8,No,VL-1002,Aisha Villanueva,Standard,Commercial & Transactions | Paraprofessional - Lead
VL-1165,Marcus,Navarro,marcus.navarro@vandelay.example,Senior Contract Analyst,P2,Paraprofessional,Commercial & Transactions,Contracts,New York,United States,Americas - US,HQ,Office,2019-10-22,6.9,No,VL-1164,Daniel Ellison,Standard,Commercial & Transactions | Paraprofessional
VL-1166,Mei,Rasmussen,mei.rasmussen@vandelay.example,Senior Contract Analyst,P2,Paraprofessional,Commercial & Transactions,Contracts,Atlanta,United States,Americas - US,Regional office,Hybrid,2013-11-27,12.8,No,VL-1164,Daniel Ellison,Standard,Commercial & Transactions | Paraprofessional
VL-1167,Leo,Mbeki,leo.mbeki@vandelay.example,Senior Contract Analyst,P2,Paraprofessional,Commercial & Transactions,Contracts,Chicago,United States,Americas - US,Regional office,Remote,2025-01-16,1.6,Yes,VL-1164,Daniel Ellison,Standard,Commercial & Transactions | Paraprofessional
VL-1168,Benedict,Fairbanks,benedict.fairbanks@vandelay.example,Senior Contract Analyst,P2,Paraprofessional,Commercial & Transactions,Contracts,New York,United States,Americas - US,HQ,Hybrid,2021-12-07,4.8,No,VL-1164,Daniel Ellison,Standard,Commercial & Transactions | Paraprofessional
VL-1169,Marcel,Obi,marcel.obi@vandelay.example,Contract Analyst,P2,Paraprofessional,Commercial & Transactions,Contracts,New York,United States,Americas - US,HQ,Office,2022-07-24,4.1,No,VL-1164,Daniel Ellison,Standard,Commercial & Transactions | Paraprofessional
VL-1170,Kenji,Achebe,kenji.achebe@vandelay.example,Contract Analyst,P2,Paraprofessional,Commercial & Transactions,Contracts,New York,United States,Americas - US,HQ,Hybrid,2023-09-14,3,No,VL-1164,Daniel Ellison,Standard,Commercial & Transactions | Paraprofessional
VL-1171,Sienna,Okonkwo,sienna.okonkwo@vandelay.example,Contract Analyst,P2,Paraprofessional,Commercial & Transactions,Contracts,New York,United States,Americas - US,HQ,Office,2013-06-03,13.3,No,VL-1164,Daniel Ellison,Standard,Commercial & Transactions | Paraprofessional
VL-1172,Owen,Nwosu,owen.nwosu@vandelay.example,Contract Analyst,P2,Paraprofessional,Commercial & Transactions,Contracts,New York,United States,Americas - US,HQ,Hybrid,2020-10-22,5.9,No,VL-1164,Daniel Ellison,Standard,Commercial & Transactions | Paraprofessional
VL-1173,Miles,Adeyemi,miles.adeyemi@vandelay.example,Contract Analyst,P2,Paraprofessional,Commercial & Transactions,Contracts,San Francisco,United States,Americas - US,Regional office,Remote,2013-04-10,13.4,No,VL-1164,Daniel Ellison,Standard,Commercial & Transactions | Paraprofessional
VL-1174,Arjun,Okafor,arjun.okafor@vandelay.example,Contract Analyst,P2,Paraprofessional,Commercial & Transactions,Contracts,New York,United States,Americas - US,HQ,Hybrid,2020-03-14,6.5,No,VL-1164,Daniel Ellison,Standard,Commercial & Transactions | Paraprofessional
VL-1175,Kavya,Alvarado,kavya.alvarado@vandelay.example,Contract Analyst,P2,Paraprofessional,Commercial & Transactions,Contracts,New York,United States,Americas - US,HQ,Hybrid,2019-03-01,7.5,No,VL-1164,Daniel Ellison,Standard,Commercial & Transactions | Paraprofessional
VL-1176,Tariq,Bergstrom,tariq.bergstrom@vandelay.example,Contract Analyst,P2,Paraprofessional,Commercial & Transactions,Contracts,New York,United States,Americas - US,HQ,Hybrid,2025-02-14,1.6,Yes,VL-1164,Daniel Ellison,Standard,Commercial & Transactions | Paraprofessional
VL-1218,Kenji,Diallo,kenji.diallo@vandelay.example,Executive Assistant,EA,Executive Assistant,Commercial & Transactions,Executive Support,New York,United States,Americas - US,HQ,Remote,2025-08-14,1.1,Yes,VL-1002,Aisha Villanueva,Standard,Commercial & Transactions | Executive Assistant
VL-1229,Oliver,Okafor,oliver.okafor@vandelay.example,Executive Assistant,EA,Executive Assistant,Commercial & Transactions,Executive Support,New York,United States,Americas - US,HQ,Office,2025-04-11,1.4,Yes,VL-1002,Aisha Villanueva,Standard,Commercial & Transactions | Executive Assistant
VL-1230,Daniel,Carvalho,daniel.carvalho@vandelay.example,Executive Assistant,EA,Executive Assistant,Commercial & Transactions,Executive Support,New York,United States,Americas - US,HQ,Hybrid,2017-03-26,9.5,No,VL-1002,Aisha Villanueva,Standard,Commercial & Transactions | Executive Assistant
VL-1003,Ines,Duarte,ines.duarte@vandelay.example,"Deputy General Counsel, Litigation & Disputes",L2,Lawyer - Leadership,Litigation & Disputes,,New York,United States,Americas - US,HQ,Office,2012-05-10,14.3,No,VL-1001,Simon Rasmussen,Standard,Litigation & Disputes | Lawyer - Leadership
VL-1041,Reuben,Okonkwo,reuben.okonkwo@vandelay.example,Attorney,L5,Lawyer - Junior,Litigation & Disputes,,New York,United States,Americas - US,HQ,Hybrid,2025-06-02,1.3,Yes,VL-1003,Ines Duarte,Standard,Litigation & Disputes | Lawyer - Junior
VL-1042,Ezra,Molnar,ezra.molnar@vandelay.example,Counsel,L4,Lawyer - Mid,Litigation & Disputes,,New York,United States,Americas - US,HQ,Office,2019-01-28,7.6,No,VL-1003,Ines Duarte,Standard,Litigation & Disputes | Lawyer - Mid
VL-1043,Idris,Kessler,idris.kessler@vandelay.example,Senior Counsel,L3,Lawyer - Senior,Litigation & Disputes,,New York,United States,Americas - US,HQ,Remote,2010-12-01,15.8,No,VL-1003,Ines Duarte,Standard,Litigation & Disputes | Lawyer - Senior
VL-1044,Imani,Ndlovu,imani.ndlovu@vandelay.example,Counsel,L4,Lawyer - Mid,Litigation & Disputes,,New York,United States,Americas - US,HQ,Hybrid,2020-05-25,6.3,No,VL-1003,Ines Duarte,Standard,Litigation & Disputes | Lawyer - Mid
VL-1045,Renata,Beaumont,renata.beaumont@vandelay.example,Senior Counsel,L3,Lawyer - Senior,Litigation & Disputes,,Houston,United States,Americas - US,Regional office,Office,2019-09-03,7,No,VL-1003,Ines Duarte,Standard,Litigation & Disputes | Lawyer - Senior
VL-1046,Renata,Aguilar,renata.aguilar@vandelay.example,Attorney,L5,Lawyer - Junior,Litigation & Disputes,,Chicago,United States,Americas - US,Regional office,Remote,2024-10-06,1.9,Yes,VL-1003,Ines Duarte,Standard,Litigation & Disputes | Lawyer - Junior
VL-1047,Caleb,Espinoza,caleb.espinoza@vandelay.example,Counsel,L4,Lawyer - Mid,Litigation & Disputes,,New York,United States,Americas - US,HQ,Office,2025-07-16,1.1,Yes,VL-1003,Ines Duarte,Standard,Litigation & Disputes | Lawyer - Mid
VL-1048,Emmett,Gallagher,emmett.gallagher@vandelay.example,Counsel,L4,Lawyer - Mid,Litigation & Disputes,,New York,United States,Americas - US,HQ,Office,2019-05-28,7.3,No,VL-1003,Ines Duarte,Standard,Litigation & Disputes | Lawyer - Mid
VL-1049,Sienna,Mensah,sienna.mensah@vandelay.example,Counsel,L4,Lawyer - Mid,Litigation & Disputes,,New York,United States,Americas - US,HQ,Office,2024-01-25,2.6,No,VL-1003,Ines Duarte,Standard,Litigation & Disputes | Lawyer - Mid
VL-1050,Omar,Salazar,omar.salazar@vandelay.example,Senior Counsel,L3,Lawyer - Senior,Litigation & Disputes,,New York,United States,Americas - US,HQ,Hybrid,2023-09-05,3,No,VL-1003,Ines Duarte,Standard,Litigation & Disputes | Lawyer - Senior
VL-1051,Iris,Aguilar,iris.aguilar@vandelay.example,Counsel,L4,Lawyer - Mid,Litigation & Disputes,,San Francisco,United States,Americas - US,Regional office,Remote,2018-07-04,8.2,No,VL-1003,Ines Duarte,Standard,Litigation & Disputes | Lawyer - Mid
VL-1052,Tamar,Chowdhury,tamar.chowdhury@vandelay.example,Senior Counsel,L3,Lawyer - Senior,Litigation & Disputes,,New York,United States,Americas - US,HQ,Office,2023-11-14,2.8,No,VL-1003,Ines Duarte,Standard,Litigation & Disputes | Lawyer - Senior
VL-1053,Ines,Sinclair,ines.sinclair@vandelay.example,Counsel,L4,Lawyer - Mid,Litigation & Disputes,,New York,United States,Americas - US,HQ,Hybrid,2022-04-05,4.4,No,VL-1003,Ines Duarte,Standard,Litigation & Disputes | Lawyer - Mid
VL-1054,Felix,Yamamoto,felix.yamamoto@vandelay.example,Counsel,L4,Lawyer - Mid,Litigation & Disputes,,"Washington, DC",United States,Americas - US,Regional office,Office,2025-12-23,0.7,Yes,VL-1003,Ines Duarte,Standard,Litigation & Disputes | Lawyer - Mid
VL-1055,Omar,Ferreira,omar.ferreira@vandelay.example,Attorney,L5,Lawyer - Junior,Litigation & Disputes,,San Francisco,United States,Americas - US,Regional office,Hybrid,2009-01-01,17.7,No,VL-1003,Ines Duarte,Standard,Litigation & Disputes | Lawyer - Junior
VL-1056,Tessa,Voss,tessa.voss@vandelay.example,Attorney,L5,Lawyer - Junior,Litigation & Disputes,,San Francisco,United States,Americas - US,Regional office,Hybrid,2015-01-15,11.6,No,VL-1003,Ines Duarte,Standard,Litigation & Disputes | Lawyer - Junior
VL-1057,Mei,Whitfield,mei.whitfield@vandelay.example,Attorney,L5,Lawyer - Junior,Litigation & Disputes,,Chicago,United States,Americas - US,Regional office,Hybrid,2015-01-28,11.6,No,VL-1003,Ines Duarte,Standard,Litigation & Disputes | Lawyer - Junior
VL-1058,Lina,Zielinski,lina.zielinski@vandelay.example,Attorney,L5,Lawyer - Junior,Litigation & Disputes,,New York,United States,Americas - US,HQ,Remote,2024-11-22,1.8,Yes,VL-1003,Ines Duarte,Standard,Litigation & Disputes | Lawyer - Junior
VL-1059,Malik,Obi,malik.obi@vandelay.example,Counsel,L4,Lawyer - Mid,Litigation & Disputes,,New York,United States,Americas - US,HQ,Hybrid,2026-01-26,0.6,Yes,VL-1003,Ines Duarte,Standard,Litigation & Disputes | Lawyer - Mid
VL-1060,Maya,Abubakar,maya.abubakar@vandelay.example,Senior Counsel,L3,Lawyer - Senior,Litigation & Disputes,,Houston,United States,Americas - US,Regional office,Hybrid,2018-10-02,7.9,No,VL-1003,Ines Duarte,Standard,Litigation & Disputes | Lawyer - Senior
VL-1061,Felix,Anand,felix.anand@vandelay.example,Senior Counsel,L3,Lawyer - Senior,Litigation & Disputes,,New York,United States,Americas - US,HQ,Hybrid,2023-10-13,2.9,No,VL-1003,Ines Duarte,Standard,Litigation & Disputes | Lawyer - Senior
VL-1062,Daniel,Wozniak,daniel.wozniak@vandelay.example,Counsel,L4,Lawyer - Mid,Litigation & Disputes,,"Washington, DC",United States,Americas - US,Regional office,Remote,2018-11-04,7.8,No,VL-1003,Ines Duarte,Standard,Litigation & Disputes | Lawyer - Mid
VL-1063,Miles,Lucero,miles.lucero@vandelay.example,Attorney,L5,Lawyer - Junior,Litigation & Disputes,,New York,United States,Americas - US,HQ,Hybrid,2012-09-01,14,No,VL-1003,Ines Duarte,Standard,Litigation & Disputes | Lawyer - Junior
VL-1064,Marcus,Sorensen,marcus.sorensen@vandelay.example,Attorney,L5,Lawyer - Junior,Litigation & Disputes,,New York,United States,Americas - US,HQ,Hybrid,2025-09-27,1,Yes,VL-1003,Ines Duarte,Standard,Litigation & Disputes | Lawyer - Junior
VL-1065,Ezra,Kessler,ezra.kessler@vandelay.example,Attorney,L5,Lawyer - Junior,Litigation & Disputes,,Houston,United States,Americas - US,Regional office,Hybrid,2026-02-22,0.5,Yes,VL-1003,Ines Duarte,Standard,Litigation & Disputes | Lawyer - Junior
VL-1136,Ada,Paredes,ada.paredes@vandelay.example,Paralegal Manager,P1,Paraprofessional - Lead,Litigation & Disputes,Paralegals,New York,United States,Americas - US,HQ,Hybrid,2008-12-24,17.7,No,VL-1003,Ines Duarte,Standard,Litigation & Disputes | Paraprofessional - Lead
VL-1137,Theo,Mireille,theo.mireille@vandelay.example,Senior Paralegal,P2,Paraprofessional,Litigation & Disputes,Paralegals,New York,United States,Americas - US,HQ,Remote,2025-12-22,0.7,Yes,VL-1136,Ada Paredes,Standard,Litigation & Disputes | Paraprofessional
VL-1138,Mei,Nwosu,mei.nwosu@vandelay.example,Senior Paralegal,P2,Paraprofessional,Litigation & Disputes,Paralegals,Chicago,United States,Americas - US,Regional office,Office,2026-04-26,0.4,Yes,VL-1136,Ada Paredes,Standard,Litigation & Disputes | Paraprofessional
VL-1139,Lorenzo,Nwosu,lorenzo.nwosu@vandelay.example,Senior Paralegal,P2,Paraprofessional,Litigation & Disputes,Paralegals,New York,United States,Americas - US,HQ,Hybrid,2015-12-20,10.7,No,VL-1136,Ada Paredes,Standard,Litigation & Disputes | Paraprofessional
VL-1140,Nadia,Aguilar,nadia.aguilar@vandelay.example,Senior Paralegal,P2,Paraprofessional,Litigation & Disputes,Paralegals,Atlanta,United States,Americas - US,Regional office,Hybrid,2017-01-10,9.7,No,VL-1136,Ada Paredes,Standard,Litigation & Disputes | Paraprofessional
VL-1141,Sofia,Ekwueme,sofia.ekwueme@vandelay.example,Paralegal,P2,Paraprofessional,Litigation & Disputes,Paralegals,Chicago,United States,Americas - US,Regional office,Remote,2023-11-18,2.8,No,VL-1136,Ada Paredes,Standard,Litigation & Disputes | Paraprofessional
VL-1142,Alina,Fontaine,alina.fontaine@vandelay.example,Paralegal,P2,Paraprofessional,Litigation & Disputes,Paralegals,New York,United States,Americas - US,HQ,Hybrid,2003-01-20,23.6,No,VL-1136,Ada Paredes,Standard,Litigation & Disputes | Paraprofessional
VL-1143,Ruth,Okoro,ruth.okoro@vandelay.example,Paralegal,P2,Paraprofessional,Litigation & Disputes,Paralegals,New York,United States,Americas - US,HQ,Office,2025-07-17,1.1,Yes,VL-1136,Ada Paredes,Standard,Litigation & Disputes | Paraprofessional
VL-1144,Ada,Obi,ada.obi@vandelay.example,Paralegal,P2,Paraprofessional,Litigation & Disputes,Paralegals,Houston,United States,Americas - US,Regional office,Hybrid,2008-05-07,18.3,No,VL-1136,Ada Paredes,Standard,Litigation & Disputes | Paraprofessional
VL-1145,Esme,Ramanathan,esme.ramanathan@vandelay.example,Paralegal,P2,Paraprofessional,Litigation & Disputes,Paralegals,New York,United States,Americas - US,HQ,Office,2024-02-24,2.5,No,VL-1136,Ada Paredes,Standard,Litigation & Disputes | Paraprofessional
VL-1146,Victor,Whitfield,victor.whitfield@vandelay.example,Paralegal,P2,Paraprofessional,Litigation & Disputes,Paralegals,New York,United States,Americas - US,HQ,Remote,2025-01-19,1.6,Yes,VL-1136,Ada Paredes,Standard,Litigation & Disputes | Paraprofessional
VL-1147,Idris,Ferreira,idris.ferreira@vandelay.example,Paralegal,P2,Paraprofessional,Litigation & Disputes,Paralegals,New York,United States,Americas - US,HQ,Hybrid,2021-09-24,5,No,VL-1136,Ada Paredes,Standard,Litigation & Disputes | Paraprofessional
VL-1148,Nathan,Sorensen,nathan.sorensen@vandelay.example,Paralegal,P2,Paraprofessional,Litigation & Disputes,Paralegals,New York,United States,Americas - US,HQ,Remote,2017-11-25,8.8,No,VL-1136,Ada Paredes,Standard,Litigation & Disputes | Paraprofessional
VL-1149,Reuben,Mireille,reuben.mireille@vandelay.example,Paralegal,P2,Paraprofessional,Litigation & Disputes,Paralegals,New York,United States,Americas - US,HQ,Hybrid,2023-09-03,3,No,VL-1136,Ada Paredes,Standard,Litigation & Disputes | Paraprofessional
VL-1179,Theo,Okoro,theo.okoro@vandelay.example,Litigation Support Specialist,P2,Paraprofessional,Litigation & Disputes,Litigation Support & eDiscovery,New York,United States,Americas - US,HQ,Hybrid,2023-05-20,3.3,No,VL-1136,Ada Paredes,Standard,Litigation & Disputes | Paraprofessional
VL-1180,Ada,Bhatt,ada.bhatt@vandelay.example,Litigation Support Specialist,P2,Paraprofessional,Litigation & Disputes,Litigation Support & eDiscovery,New York,United States,Americas - US,HQ,Hybrid,2025-01-19,1.6,Yes,VL-1136,Ada Paredes,Standard,Litigation & Disputes | Paraprofessional
VL-1181,Amara,Okafor,amara.okafor@vandelay.example,Litigation Support Specialist,P2,Paraprofessional,Litigation & Disputes,Litigation Support & eDiscovery,New York,United States,Americas - US,HQ,Hybrid,2011-08-28,15,No,VL-1136,Ada Paredes,Standard,Litigation & Disputes | Paraprofessional
VL-1182,Alina,Kingsley,alina.kingsley@vandelay.example,Litigation Support Specialist,P2,Paraprofessional,Litigation & Disputes,Litigation Support & eDiscovery,Houston,United States,Americas - US,Regional office,Remote,2026-04-07,0.4,Yes,VL-1136,Ada Paredes,Standard,Litigation & Disputes | Paraprofessional
VL-1183,Lucia,Kapoor,lucia.kapoor@vandelay.example,eDiscovery Analyst,P2,Paraprofessional,Litigation & Disputes,Litigation Support & eDiscovery,San Francisco,United States,Americas - US,Regional office,Hybrid,2024-03-18,2.5,No,VL-1136,Ada Paredes,Standard,Litigation & Disputes | Paraprofessional
VL-1184,Nathan,Obi,nathan.obi@vandelay.example,eDiscovery Analyst,P2,Paraprofessional,Litigation & Disputes,Litigation Support & eDiscovery,New York,United States,Americas - US,HQ,Hybrid,2024-03-01,2.5,No,VL-1136,Ada Paredes,Standard,Litigation & Disputes | Paraprofessional
VL-1219,Reuben,Rutherford,reuben.rutherford@vandelay.example,Executive Assistant,EA,Executive Assistant,Litigation & Disputes,Executive Support,New York,United States,Americas - US,HQ,Hybrid,2024-02-08,2.6,No,VL-1003,Ines Duarte,Standard,Litigation & Disputes | Executive Assistant
VL-1227,Simon,Anand,simon.anand@vandelay.example,Executive Assistant,EA,Executive Assistant,Litigation & Disputes,Executive Support,New York,United States,Americas - US,HQ,Hybrid,2007-10-28,18.9,No,VL-1003,Ines Duarte,Standard,Litigation & Disputes | Executive Assistant
VL-1228,Anaya,Petrov,anaya.petrov@vandelay.example,Executive Assistant,EA,Executive Assistant,Litigation & Disputes,Executive Support,New York,United States,Americas - US,HQ,Hybrid,2018-12-20,7.7,No,VL-1003,Ines Duarte,Standard,Litigation & Disputes | Executive Assistant
VL-1004,Leo,Fitzgerald,leo.fitzgerald@vandelay.example,"Deputy General Counsel, Regulatory & Trade Compliance",L2,Lawyer - Leadership,Regulatory & Trade Compliance,,"Washington, DC",United States,Americas - US,Regional office,Remote,2016-11-12,9.8,No,VL-1001,Simon Rasmussen,Standard,Regulatory & Trade Compliance | Lawyer - Leadership
VL-1066,Wei,Goh,wei.goh@vandelay.example,Counsel,L4,Lawyer - Mid,Regulatory & Trade Compliance,,Singapore,Singapore,APAC,International office,Hybrid,2015-04-21,11.4,No,VL-1004,Leo Fitzgerald,Standard,Regulatory & Trade Compliance | Lawyer - Mid
VL-1067,Hui,Tan,hui.tan@vandelay.example,Attorney,L5,Lawyer - Junior,Regulatory & Trade Compliance,,Singapore,Singapore,APAC,International office,Hybrid,2025-09-23,1,Yes,VL-1004,Leo Fitzgerald,Standard,Regulatory & Trade Compliance | Lawyer - Junior
VL-1068,Mariana,Sanchez,mariana.sanchez@vandelay.example,Counsel,L4,Lawyer - Mid,Regulatory & Trade Compliance,,Mexico City,Mexico,LATAM,International office,Remote,2012-10-03,13.9,No,VL-1004,Leo Fitzgerald,Standard,Regulatory & Trade Compliance | Lawyer - Mid
VL-1069,Poppy,Thornbury,poppy.thornbury@vandelay.example,Counsel,L4,Lawyer - Mid,Regulatory & Trade Compliance,,London,United Kingdom,EMEA,International office,Remote,2022-11-20,3.8,No,VL-1004,Leo Fitzgerald,Standard,Regulatory & Trade Compliance | Lawyer - Mid
VL-1070,Caleb,Achebe,caleb.achebe@vandelay.example,Senior Counsel,L3,Lawyer - Senior,Regulatory & Trade Compliance,,Singapore,Singapore,APAC,International office,Hybrid,2023-10-03,2.9,No,VL-1004,Leo Fitzgerald,Standard,Regulatory & Trade Compliance | Lawyer - Senior
VL-1071,Diego,Garcia,diego.garcia@vandelay.example,Counsel,L4,Lawyer - Mid,Regulatory & Trade Compliance,,Mexico City,Mexico,LATAM,International office,Office,2025-11-26,0.8,Yes,VL-1004,Leo Fitzgerald,Standard,Regulatory & Trade Compliance | Lawyer - Mid
VL-1072,Chloe,Okafor,chloe.okafor@vandelay.example,Counsel,L4,Lawyer - Mid,Regulatory & Trade Compliance,,London,United Kingdom,EMEA,International office,Office,2020-12-15,5.7,No,VL-1004,Leo Fitzgerald,Standard,Regulatory & Trade Compliance | Lawyer - Mid
VL-1073,Chloe,Bassett,chloe.bassett@vandelay.example,Attorney,L5,Lawyer - Junior,Regulatory & Trade Compliance,,Houston,United States,Americas - US,Regional office,Office,2020-07-23,6.1,No,VL-1004,Leo Fitzgerald,Standard,Regulatory & Trade Compliance | Lawyer - Junior
VL-1074,Henry,Alvarado,henry.alvarado@vandelay.example,Senior Counsel,L3,Lawyer - Senior,Regulatory & Trade Compliance,,Chicago,United States,Americas - US,Regional office,Hybrid,2007-03-18,19.5,No,VL-1004,Leo Fitzgerald,Standard,Regulatory & Trade Compliance | Lawyer - Senior
VL-1075,Rohan,Ocampo,rohan.ocampo@vandelay.example,Attorney,L5,Lawyer - Junior,Regulatory & Trade Compliance,,New York,United States,Americas - US,HQ,Remote,2025-11-28,0.8,Yes,VL-1004,Leo Fitzgerald,Standard,Regulatory & Trade Compliance | Lawyer - Junior
VL-1076,Nathan,Alvarado,nathan.alvarado@vandelay.example,Counsel,L4,Lawyer - Mid,Regulatory & Trade Compliance,,Chicago,United States,Americas - US,Regional office,Hybrid,2014-08-08,12.1,No,VL-1004,Leo Fitzgerald,Standard,Regulatory & Trade Compliance | Lawyer - Mid
VL-1077,Renata,Osman,renata.osman@vandelay.example,Senior Counsel,L3,Lawyer - Senior,Regulatory & Trade Compliance,,"Washington, DC",United States,Americas - US,Regional office,Remote,2024-07-23,2.1,Yes,VL-1004,Leo Fitzgerald,Standard,Regulatory & Trade Compliance | Lawyer - Senior
VL-1078,Farah,Mireille,farah.mireille@vandelay.example,Counsel,L4,Lawyer - Mid,Regulatory & Trade Compliance,,New York,United States,Americas - US,HQ,Hybrid,2025-09-11,1,Yes,VL-1004,Leo Fitzgerald,Standard,Regulatory & Trade Compliance | Lawyer - Mid
VL-1079,Keira,Wentworth,keira.wentworth@vandelay.example,Attorney,L5,Lawyer - Junior,Regulatory & Trade Compliance,,New York,United States,Americas - US,HQ,Hybrid,2016-08-12,10.1,No,VL-1004,Leo Fitzgerald,Standard,Regulatory & Trade Compliance | Lawyer - Junior
VL-1080,Emmett,Whitfield,emmett.whitfield@vandelay.example,Attorney,L5,Lawyer - Junior,Regulatory & Trade Compliance,,Houston,United States,Americas - US,Regional office,Office,2002-09-23,24,No,VL-1004,Leo Fitzgerald,Standard,Regulatory & Trade Compliance | Lawyer - Junior
VL-1158,Anaya,Salazar,anaya.salazar@vandelay.example,Paralegal,P2,Paraprofessional,Regulatory & Trade Compliance,Paralegals,San Francisco,United States,Americas - US,Regional office,Hybrid,2013-05-01,13.4,No,VL-1136,Ada Paredes,Standard,Regulatory & Trade Compliance | Paraprofessional
VL-1159,Wren,Nwosu,wren.nwosu@vandelay.example,Paralegal,P2,Paraprofessional,Regulatory & Trade Compliance,Paralegals,New York,United States,Americas - US,HQ,Remote,2025-04-03,1.4,Yes,VL-1136,Ada Paredes,Standard,Regulatory & Trade Compliance | Paraprofessional
VL-1160,Hana,Sorensen,hana.sorensen@vandelay.example,Paralegal,P2,Paraprofessional,Regulatory & Trade Compliance,Paralegals,Atlanta,United States,Americas - US,Regional office,Hybrid,2006-09-11,20,No,VL-1136,Ada Paredes,Standard,Regulatory & Trade Compliance | Paraprofessional
VL-1188,Victor,Sorensen,victor.sorensen@vandelay.example,Compliance Analyst,P2,Paraprofessional,Regulatory & Trade Compliance,Compliance Operations,Dublin,Ireland,EMEA,International office,Remote,2026-05-16,0.3,Yes,VL-1004,Leo Fitzgerald,Standard,Regulatory & Trade Compliance | Paraprofessional
VL-1189,Diego,Ramirez,diego.ramirez@vandelay.example,Compliance Analyst,P2,Paraprofessional,Regulatory & Trade Compliance,Compliance Operations,Mexico City,Mexico,LATAM,International office,Remote,2015-11-09,10.8,No,VL-1004,Leo Fitzgerald,Standard,Regulatory & Trade Compliance | Paraprofessional
VL-1190,Tariq,Delgado,tariq.delgado@vandelay.example,Compliance Analyst,P2,Paraprofessional,Regulatory & Trade Compliance,Compliance Operations,San Francisco,United States,Americas - US,Regional office,Hybrid,2009-11-12,16.8,No,VL-1004,Leo Fitzgerald,Standard,Regulatory & Trade Compliance | Paraprofessional
VL-1220,Keira,Osei,keira.osei@vandelay.example,Executive Assistant,EA,Executive Assistant,Regulatory & Trade Compliance,Executive Support,"Washington, DC",United States,Americas - US,Regional office,Hybrid,2005-09-28,20.9,No,VL-1004,Leo Fitzgerald,Standard,Regulatory & Trade Compliance | Executive Assistant
VL-1005,Lina,Mbeki,lina.mbeki@vandelay.example,"Deputy General Counsel, Employment & Labor",L2,Lawyer - Leadership,Employment & Labor,,New York,United States,Americas - US,HQ,Hybrid,2019-09-24,7,No,VL-1001,Simon Rasmussen,Standard,Employment & Labor | Lawyer - Leadership
VL-1081,Ezra,Baptiste,ezra.baptiste@vandelay.example,Counsel,L4,Lawyer - Mid,Employment & Labor,,London,United Kingdom,EMEA,International office,Hybrid,2026-01-08,0.7,Yes,VL-1005,Lina Mbeki,Standard,Employment & Labor | Lawyer - Mid
VL-1082,Dalia,Hartmann,dalia.hartmann@vandelay.example,Attorney,L5,Lawyer - Junior,Employment & Labor,,New York,United States,Americas - US,HQ,Hybrid,2012-03-04,14.5,No,VL-1005,Lina Mbeki,Standard,Employment & Labor | Lawyer - Junior
VL-1083,Nadia,Lindgren,nadia.lindgren@vandelay.example,Senior Counsel,L3,Lawyer - Senior,Employment & Labor,,New York,United States,Americas - US,HQ,Remote,2025-06-08,1.3,Yes,VL-1005,Lina Mbeki,Standard,Employment & Labor | Lawyer - Senior
VL-1084,Zainab,Nwosu,zainab.nwosu@vandelay.example,Counsel,L4,Lawyer - Mid,Employment & Labor,,Los Angeles,United States,Americas - US,Regional office,Hybrid,2010-02-04,16.6,No,VL-1005,Lina Mbeki,Standard,Employment & Labor | Lawyer - Mid
VL-1085,Bastian,Blackwood,bastian.blackwood@vandelay.example,Attorney,L5,Lawyer - Junior,Employment & Labor,,New York,United States,Americas - US,HQ,Office,2025-10-23,0.9,Yes,VL-1005,Lina Mbeki,Standard,Employment & Labor | Lawyer - Junior
VL-1086,Wren,Sandoval,wren.sandoval@vandelay.example,Senior Counsel,L3,Lawyer - Senior,Employment & Labor,,New York,United States,Americas - US,HQ,Hybrid,2008-07-08,18.2,No,VL-1005,Lina Mbeki,Standard,Employment & Labor | Lawyer - Senior
VL-1087,Maya,Fitzgerald,maya.fitzgerald@vandelay.example,Counsel,L4,Lawyer - Mid,Employment & Labor,,New York,United States,Americas - US,HQ,Hybrid,2015-03-28,11.5,No,VL-1005,Lina Mbeki,Standard,Employment & Labor | Lawyer - Mid
VL-1088,Solveig,Duarte,solveig.duarte@vandelay.example,Counsel,L4,Lawyer - Mid,Employment & Labor,,"Washington, DC",United States,Americas - US,Regional office,Hybrid,2025-03-09,1.5,Yes,VL-1005,Lina Mbeki,Standard,Employment & Labor | Lawyer - Mid
VL-1089,Marcus,Villanueva,marcus.villanueva@vandelay.example,Attorney,L5,Lawyer - Junior,Employment & Labor,,New York,United States,Americas - US,HQ,Hybrid,2012-03-08,14.5,No,VL-1005,Lina Mbeki,Standard,Employment & Labor | Lawyer - Junior
VL-1090,Felix,Brennan,felix.brennan@vandelay.example,Attorney,L5,Lawyer - Junior,Employment & Labor,,New York,United States,Americas - US,HQ,Hybrid,2006-12-04,19.8,No,VL-1005,Lina Mbeki,Standard,Employment & Labor | Lawyer - Junior
VL-1091,Dalia,Lindgren,dalia.lindgren@vandelay.example,Attorney,L5,Lawyer - Junior,Employment & Labor,,Atlanta,United States,Americas - US,Regional office,Hybrid,2024-03-16,2.5,No,VL-1005,Lina Mbeki,Standard,Employment & Labor | Lawyer - Junior
VL-1092,Esme,Ferreira,esme.ferreira@vandelay.example,Senior Counsel,L3,Lawyer - Senior,Employment & Labor,,New York,United States,Americas - US,HQ,Hybrid,2024-11-01,1.9,Yes,VL-1005,Lina Mbeki,Standard,Employment & Labor | Lawyer - Senior
VL-1093,Daniel,Quinlan,daniel.quinlan@vandelay.example,Counsel,L4,Lawyer - Mid,Employment & Labor,,New York,United States,Americas - US,HQ,Hybrid,2017-02-21,9.5,No,VL-1005,Lina Mbeki,Standard,Employment & Labor | Lawyer - Mid
VL-1155,Oliver,Holloway,oliver.holloway@vandelay.example,Paralegal,P2,Paraprofessional,Employment & Labor,Paralegals,Chicago,United States,Americas - US,Regional office,Remote,2023-09-11,3,No,VL-1136,Ada Paredes,Standard,Employment & Labor | Paraprofessional
VL-1156,Dalia,Mahmoud,dalia.mahmoud@vandelay.example,Paralegal,P2,Paraprofessional,Employment & Labor,Paralegals,New York,United States,Americas - US,HQ,Hybrid,2015-09-28,10.9,No,VL-1136,Ada Paredes,Standard,Employment & Labor | Paraprofessional
VL-1157,Sofia,Ashworth,sofia.ashworth@vandelay.example,Paralegal,P2,Paraprofessional,Employment & Labor,Paralegals,San Francisco,United States,Americas - US,Regional office,Hybrid,2022-01-18,4.6,No,VL-1136,Ada Paredes,Standard,Employment & Labor | Paraprofessional
VL-1221,Thandi,Kaur,thandi.kaur@vandelay.example,Executive Assistant,EA,Executive Assistant,Employment & Labor,Executive Support,New York,United States,Americas - US,HQ,Hybrid,2026-05-28,0.3,Yes,VL-1005,Lina Mbeki,Standard,Employment & Labor | Executive Assistant
VL-1006,Leila,Reyes,leila.reyes@vandelay.example,"Deputy General Counsel, Intellectual Property",L2,Lawyer - Leadership,Intellectual Property,,New York,United States,Americas - US,HQ,Hybrid,2020-03-15,6.5,No,VL-1001,Simon Rasmussen,Standard,Intellectual Property | Lawyer - Leadership
VL-1094,Kavya,Okonkwo,kavya.okonkwo@vandelay.example,Counsel,L4,Lawyer - Mid,Intellectual Property,,New York,United States,Americas - US,HQ,Hybrid,2025-06-27,1.2,Yes,VL-1006,Leila Reyes,Standard,Intellectual Property | Lawyer - Mid
VL-1095,Andre,Pereira,andre.pereira@vandelay.example,Counsel,L4,Lawyer - Mid,Intellectual Property,,"Washington, DC",United States,Americas - US,Regional office,Remote,2024-06-11,2.2,Yes,VL-1006,Leila Reyes,Standard,Intellectual Property | Lawyer - Mid
VL-1096,Zara,Oyelaran,zara.oyelaran@vandelay.example,Counsel,L4,Lawyer - Mid,Intellectual Property,,New York,United States,Americas - US,HQ,Office,2019-10-15,6.9,No,VL-1006,Leila Reyes,Standard,Intellectual Property | Lawyer - Mid
VL-1097,Camille,Duarte,camille.duarte@vandelay.example,Attorney,L5,Lawyer - Junior,Intellectual Property,,San Francisco,United States,Americas - US,Regional office,Hybrid,2026-03-02,0.5,Yes,VL-1006,Leila Reyes,Standard,Intellectual Property | Lawyer - Junior
VL-1098,Ines,Okonkwo,ines.okonkwo@vandelay.example,Attorney,L5,Lawyer - Junior,Intellectual Property,,Chicago,United States,Americas - US,Regional office,Remote,2020-09-23,6,No,VL-1006,Leila Reyes,Standard,Intellectual Property | Lawyer - Junior
VL-1099,Sienna,Ferrer,sienna.ferrer@vandelay.example,Senior Counsel,L3,Lawyer - Senior,Intellectual Property,,New York,United States,Americas - US,HQ,Hybrid,2025-10-03,0.9,Yes,VL-1006,Leila Reyes,Standard,Intellectual Property | Lawyer - Senior
VL-1100,Kavya,Nordin,kavya.nordin@vandelay.example,Counsel,L4,Lawyer - Mid,Intellectual Property,,New York,United States,Americas - US,HQ,Hybrid,2014-08-20,12.1,No,VL-1006,Leila Reyes,Standard,Intellectual Property | Lawyer - Mid
VL-1101,Emmett,Kessler,emmett.kessler@vandelay.example,Attorney,L5,Lawyer - Junior,Intellectual Property,,New York,United States,Americas - US,HQ,Hybrid,2023-09-17,3,No,VL-1006,Leila Reyes,Standard,Intellectual Property | Lawyer - Junior
VL-1102,Tariq,Beaumont,tariq.beaumont@vandelay.example,Counsel,L4,Lawyer - Mid,Intellectual Property,,San Francisco,United States,Americas - US,Regional office,Hybrid,2021-10-23,4.9,No,VL-1006,Leila Reyes,Standard,Intellectual Property | Lawyer - Mid
VL-1103,Dalia,Carvalho,dalia.carvalho@vandelay.example,Senior Counsel,L3,Lawyer - Senior,Intellectual Property,,New York,United States,Americas - US,HQ,Hybrid,2013-04-04,13.4,No,VL-1006,Leila Reyes,Standard,Intellectual Property | Lawyer - Senior
VL-1104,Jonah,Rutherford,jonah.rutherford@vandelay.example,Attorney,L5,Lawyer - Junior,Intellectual Property,,Houston,United States,Americas - US,Regional office,Hybrid,2024-11-20,1.8,Yes,VL-1006,Leila Reyes,Standard,Intellectual Property | Lawyer - Junior
VL-1185,Iris,Chowdhury,iris.chowdhury@vandelay.example,IP Docketing Specialist,P2,Paraprofessional,Intellectual Property,IP Docketing,San Francisco,United States,Americas - US,Regional office,Office,2020-04-04,6.4,No,VL-1006,Leila Reyes,Standard,Intellectual Property | Paraprofessional
VL-1186,Felix,Ellison,felix.ellison@vandelay.example,IP Docketing Specialist,P2,Paraprofessional,Intellectual Property,IP Docketing,New York,United States,Americas - US,HQ,Hybrid,2005-02-16,21.6,No,VL-1006,Leila Reyes,Standard,Intellectual Property | Paraprofessional
VL-1187,Simon,Espinoza,simon.espinoza@vandelay.example,IP Docketing Specialist,P2,Paraprofessional,Intellectual Property,IP Docketing,New York,United States,Americas - US,HQ,Office,2015-11-17,10.8,No,VL-1006,Leila Reyes,Standard,Intellectual Property | Paraprofessional
VL-1222,Rosa,Diallo,rosa.diallo@vandelay.example,Executive Assistant,EA,Executive Assistant,Intellectual Property,Executive Support,New York,United States,Americas - US,HQ,Hybrid,2014-06-24,12.2,No,VL-1006,Leila Reyes,Standard,Intellectual Property | Executive Assistant
VL-1007,Esme,Marchetti,esme.marchetti@vandelay.example,"Deputy General Counsel, Privacy & Data Protection",L2,Lawyer - Leadership,Privacy & Data Protection,,London,United Kingdom,EMEA,International office,Remote,2015-04-19,11.4,No,VL-1001,Simon Rasmussen,Standard,Privacy & Data Protection | Lawyer - Leadership
VL-1105,Niamh,Thornbury,niamh.thornbury@vandelay.example,Attorney,L5,Lawyer - Junior,Privacy & Data Protection,,London,United Kingdom,EMEA,International office,Hybrid,2012-03-01,14.5,No,VL-1007,Esme Marchetti,Standard,Privacy & Data Protection | Lawyer - Junior
VL-1106,Solveig,Nakagawa,solveig.nakagawa@vandelay.example,Attorney,L5,Lawyer - Junior,Privacy & Data Protection,,Dublin,Ireland,EMEA,International office,Hybrid,2004-03-28,22.5,No,VL-1007,Esme Marchetti,Standard,Privacy & Data Protection | Lawyer - Junior
VL-1107,Grace,Nolan,grace.nolan@vandelay.example,Counsel,L4,Lawyer - Mid,Privacy & Data Protection,,Dublin,Ireland,EMEA,International office,Hybrid,2021-06-16,5.2,No,VL-1007,Esme Marchetti,Standard,Privacy & Data Protection | Lawyer - Mid
VL-1108,Poppy,Whitmore,poppy.whitmore@vandelay.example,Counsel,L4,Lawyer - Mid,Privacy & Data Protection,,London,United Kingdom,EMEA,International office,Office,2022-11-14,3.8,No,VL-1007,Esme Marchetti,Standard,Privacy & Data Protection | Lawyer - Mid
VL-1109,Amelia,Ashcroft,amelia.ashcroft@vandelay.example,Counsel,L4,Lawyer - Mid,Privacy & Data Protection,,Dublin,Ireland,EMEA,International office,Hybrid,2022-12-26,3.7,No,VL-1007,Esme Marchetti,Standard,Privacy & Data Protection | Lawyer - Mid
VL-1110,Ava,Doherty,ava.doherty@vandelay.example,Attorney,L5,Lawyer - Junior,Privacy & Data Protection,,London,United Kingdom,EMEA,International office,Hybrid,2015-07-21,11.1,No,VL-1007,Esme Marchetti,Standard,Privacy & Data Protection | Lawyer - Junior
VL-1111,Grace,Pemberton,grace.pemberton@vandelay.example,Attorney,L5,Lawyer - Junior,Privacy & Data Protection,,Dublin,Ireland,EMEA,International office,Remote,2020-08-11,6.1,No,VL-1007,Esme Marchetti,Standard,Privacy & Data Protection | Lawyer - Junior
VL-1112,Camille,Nakagawa,camille.nakagawa@vandelay.example,Senior Counsel,L3,Lawyer - Senior,Privacy & Data Protection,,New York,United States,Americas - US,HQ,Hybrid,2025-09-03,1,Yes,VL-1007,Esme Marchetti,Standard,Privacy & Data Protection | Lawyer - Senior
VL-1113,Dalia,Achebe,dalia.achebe@vandelay.example,Senior Counsel,L3,Lawyer - Senior,Privacy & Data Protection,,New York,United States,Americas - US,HQ,Hybrid,2026-02-20,0.6,Yes,VL-1007,Esme Marchetti,Standard,Privacy & Data Protection | Lawyer - Senior
VL-1114,Marcel,Lucero,marcel.lucero@vandelay.example,Counsel,L4,Lawyer - Mid,Privacy & Data Protection,,New York,United States,Americas - US,HQ,Hybrid,2018-11-06,7.8,No,VL-1007,Esme Marchetti,Standard,Privacy & Data Protection | Lawyer - Mid
VL-1115,Hana,Vance,hana.vance@vandelay.example,Counsel,L4,Lawyer - Mid,Privacy & Data Protection,,Chicago,United States,Americas - US,Regional office,Office,2022-11-06,3.8,No,VL-1007,Esme Marchetti,Standard,Privacy & Data Protection | Lawyer - Mid
VL-1223,Isla,Pemberton,isla.pemberton@vandelay.example,Executive Assistant,EA,Executive Assistant,Privacy & Data Protection,Executive Support,London,United Kingdom,EMEA,International office,Hybrid,2026-02-07,0.6,Yes,VL-1007,Esme Marchetti,Standard,Privacy & Data Protection | Executive Assistant
VL-1008,Simon,Fontaine,simon.fontaine@vandelay.example,"Deputy General Counsel, Corporate, Securities & Governance",L2,Lawyer - Leadership,"Corporate, Securities & Governance",,New York,United States,Americas - US,HQ,Hybrid,2012-10-28,13.9,No,VL-1001,Simon Rasmussen,Standard,"Corporate, Securities & Governance | Lawyer - Leadership"
VL-1116,Hana,Okoro,hana.okoro@vandelay.example,Senior Counsel,L3,Lawyer - Senior,"Corporate, Securities & Governance",,New York,United States,Americas - US,HQ,Hybrid,2017-12-01,8.8,No,VL-1008,Simon Fontaine,Standard,"Corporate, Securities & Governance | Lawyer - Senior"
VL-1117,Anaya,Bassett,anaya.bassett@vandelay.example,Counsel,L4,Lawyer - Mid,"Corporate, Securities & Governance",,"Washington, DC",United States,Americas - US,Regional office,Remote,2023-01-12,3.7,No,VL-1008,Simon Fontaine,Standard,"Corporate, Securities & Governance | Lawyer - Mid"
VL-1118,Owen,Karlsson,owen.karlsson@vandelay.example,Counsel,L4,Lawyer - Mid,"Corporate, Securities & Governance",,New York,United States,Americas - US,HQ,Hybrid,2026-01-18,0.6,Yes,VL-1008,Simon Fontaine,Standard,"Corporate, Securities & Governance | Lawyer - Mid"
VL-1119,Oliver,Karlsson,oliver.karlsson@vandelay.example,Attorney,L5,Lawyer - Junior,"Corporate, Securities & Governance",,New York,United States,Americas - US,HQ,Remote,2026-01-28,0.6,Yes,VL-1008,Simon Fontaine,Standard,"Corporate, Securities & Governance | Lawyer - Junior"
VL-1120,Greta,Villanueva,greta.villanueva@vandelay.example,Attorney,L5,Lawyer - Junior,"Corporate, Securities & Governance",,New York,United States,Americas - US,HQ,Hybrid,2015-04-28,11.4,No,VL-1008,Simon Fontaine,Standard,"Corporate, Securities & Governance | Lawyer - Junior"
VL-1121,Hana,Nakamura,hana.nakamura@vandelay.example,Counsel,L4,Lawyer - Mid,"Corporate, Securities & Governance",,New York,United States,Americas - US,HQ,Hybrid,2026-06-12,0.2,Yes,VL-1008,Simon Fontaine,Standard,"Corporate, Securities & Governance | Lawyer - Mid"
VL-1122,Jasper,Thibodeaux,jasper.thibodeaux@vandelay.example,Counsel,L4,Lawyer - Mid,"Corporate, Securities & Governance",,New York,United States,Americas - US,HQ,Hybrid,2005-08-24,21,No,VL-1008,Simon Fontaine,Standard,"Corporate, Securities & Governance | Lawyer - Mid"
VL-1123,Zara,Sinclair,zara.sinclair@vandelay.example,Senior Counsel,L3,Lawyer - Senior,"Corporate, Securities & Governance",,Chicago,United States,Americas - US,Regional office,Remote,2025-03-14,1.5,Yes,VL-1008,Simon Fontaine,Standard,"Corporate, Securities & Governance | Lawyer - Senior"
VL-1124,Jasper,Alvarado,jasper.alvarado@vandelay.example,Attorney,L5,Lawyer - Junior,"Corporate, Securities & Governance",,Chicago,United States,Americas - US,Regional office,Remote,2016-12-13,9.7,No,VL-1008,Simon Fontaine,Standard,"Corporate, Securities & Governance | Lawyer - Junior"
VL-1125,Anaya,Ramanathan,anaya.ramanathan@vandelay.example,Counsel,L4,Lawyer - Mid,"Corporate, Securities & Governance",,San Francisco,United States,Americas - US,Regional office,Hybrid,2013-12-13,12.7,No,VL-1008,Simon Fontaine,Standard,"Corporate, Securities & Governance | Lawyer - Mid"
VL-1126,Farah,Mwangi,farah.mwangi@vandelay.example,Attorney,L5,Lawyer - Junior,"Corporate, Securities & Governance",,San Francisco,United States,Americas - US,Regional office,Hybrid,2018-06-23,8.2,No,VL-1008,Simon Fontaine,Standard,"Corporate, Securities & Governance | Lawyer - Junior"
VL-1161,Henry,Kapoor,henry.kapoor@vandelay.example,Paralegal,P2,Paraprofessional,"Corporate, Securities & Governance",Paralegals,New York,United States,Americas - US,HQ,Hybrid,2026-05-21,0.3,Yes,VL-1136,Ada Paredes,Standard,"Corporate, Securities & Governance | Paraprofessional"
VL-1162,Imani,Ferrante,imani.ferrante@vandelay.example,Paralegal,P2,Paraprofessional,"Corporate, Securities & Governance",Paralegals,Chicago,United States,Americas - US,Regional office,Remote,2025-01-03,1.7,Yes,VL-1136,Ada Paredes,Standard,"Corporate, Securities & Governance | Paraprofessional"
VL-1163,Bram,Moreau,bram.moreau@vandelay.example,Paralegal,P2,Paraprofessional,"Corporate, Securities & Governance",Paralegals,New York,United States,Americas - US,HQ,Office,2021-05-06,5.3,No,VL-1136,Ada Paredes,Standard,"Corporate, Securities & Governance | Paraprofessional"
VL-1224,Della,Moreau,della.moreau@vandelay.example,Executive Assistant,EA,Executive Assistant,"Corporate, Securities & Governance",Executive Support,New York,United States,Americas - US,HQ,Remote,2020-11-11,5.8,No,VL-1008,Simon Fontaine,Standard,"Corporate, Securities & Governance | Executive Assistant"
VL-1009,Malik,Blackwood,malik.blackwood@vandelay.example,"Deputy General Counsel, Real Estate, Environmental & Safety",L2,Lawyer - Leadership,"Real Estate, Environmental & Safety",,New York,United States,Americas - US,HQ,Office,2005-03-15,21.5,No,VL-1001,Simon Rasmussen,Standard,"Real Estate, Environmental & Safety | Lawyer - Leadership"
VL-1127,Greta,Yamamoto,greta.yamamoto@vandelay.example,Attorney,L5,Lawyer - Junior,"Real Estate, Environmental & Safety",,Houston,United States,Americas - US,Regional office,Remote,2019-04-24,7.4,No,VL-1009,Malik Blackwood,Standard,"Real Estate, Environmental & Safety | Lawyer - Junior"
VL-1128,Marcus,Ferrante,marcus.ferrante@vandelay.example,Counsel,L4,Lawyer - Mid,"Real Estate, Environmental & Safety",,New York,United States,Americas - US,HQ,Hybrid,2025-09-27,1,Yes,VL-1009,Malik Blackwood,Standard,"Real Estate, Environmental & Safety | Lawyer - Mid"
VL-1129,Dalia,Nordin,dalia.nordin@vandelay.example,Counsel,L4,Lawyer - Mid,"Real Estate, Environmental & Safety",,New York,United States,Americas - US,HQ,Hybrid,2016-03-03,10.5,No,VL-1009,Malik Blackwood,Standard,"Real Estate, Environmental & Safety | Lawyer - Mid"
VL-1130,Hugo,Ekwueme,hugo.ekwueme@vandelay.example,Counsel,L4,Lawyer - Mid,"Real Estate, Environmental & Safety",,New York,United States,Americas - US,HQ,Hybrid,2025-07-13,1.2,Yes,VL-1009,Malik Blackwood,Standard,"Real Estate, Environmental & Safety | Lawyer - Mid"
VL-1131,Ravi,Abubakar,ravi.abubakar@vandelay.example,Attorney,L5,Lawyer - Junior,"Real Estate, Environmental & Safety",,New York,United States,Americas - US,HQ,Hybrid,2021-02-05,5.6,No,VL-1009,Malik Blackwood,Standard,"Real Estate, Environmental & Safety | Lawyer - Junior"
VL-1132,Rosa,Kowalczyk,rosa.kowalczyk@vandelay.example,Senior Counsel,L3,Lawyer - Senior,"Real Estate, Environmental & Safety",,Houston,United States,Americas - US,Regional office,Hybrid,2024-05-10,2.3,Yes,VL-1009,Malik Blackwood,Standard,"Real Estate, Environmental & Safety | Lawyer - Senior"
VL-1133,Rafael,Sato,rafael.sato@vandelay.example,Attorney,L5,Lawyer - Junior,"Real Estate, Environmental & Safety",,New York,United States,Americas - US,HQ,Hybrid,2005-07-26,21.1,No,VL-1009,Malik Blackwood,Standard,"Real Estate, Environmental & Safety | Lawyer - Junior"
VL-1134,Callum,Diallo,callum.diallo@vandelay.example,Counsel,L4,Lawyer - Mid,"Real Estate, Environmental & Safety",,New York,United States,Americas - US,HQ,Office,2023-08-22,3,No,VL-1009,Malik Blackwood,Standard,"Real Estate, Environmental & Safety | Lawyer - Mid"
VL-1135,Aisha,Ekwueme,aisha.ekwueme@vandelay.example,Senior Counsel,L3,Lawyer - Senior,"Real Estate, Environmental & Safety",,New York,United States,Americas - US,HQ,Remote,2018-05-09,8.3,No,VL-1009,Malik Blackwood,Standard,"Real Estate, Environmental & Safety | Lawyer - Senior"
VL-1177,Victor,Petrov,victor.petrov@vandelay.example,Contract Analyst,P2,Paraprofessional,"Real Estate, Environmental & Safety",Contracts,New York,United States,Americas - US,HQ,Hybrid,2019-01-05,7.7,No,VL-1164,Daniel Ellison,Standard,"Real Estate, Environmental & Safety | Paraprofessional"
VL-1178,Rosa,Torvik,rosa.torvik@vandelay.example,Contract Analyst,P2,Paraprofessional,"Real Estate, Environmental & Safety",Contracts,Atlanta,United States,Americas - US,Regional office,Hybrid,2018-12-26,7.7,No,VL-1164,Daniel Ellison,Standard,"Real Estate, Environmental & Safety | Paraprofessional"
VL-1225,Idris,Bergstrom,idris.bergstrom@vandelay.example,Executive Assistant,EA,Executive Assistant,"Real Estate, Environmental & Safety",Executive Support,New York,United States,Americas - US,HQ,Hybrid,2010-05-18,16.3,No,VL-1009,Malik Blackwood,Standard,"Real Estate, Environmental & Safety | Executive Assistant"
VL-1191,Theo,Sinclair,theo.sinclair@vandelay.example,"Director, Legal Operations",O1,Legal Ops - Leadership,Legal Operations,Legal Operations,New York,United States,Americas - US,HQ,Hybrid,2018-08-07,8.1,No,VL-1001,Simon Rasmussen,Standard,Legal Operations | Legal Ops - Leadership
VL-1192,Tobias,Pellegrini,tobias.pellegrini@vandelay.example,Legal Operations Manager,O1,Legal Ops - Leadership,Legal Operations,Legal Operations,New York,United States,Americas - US,HQ,Hybrid,2009-02-25,17.5,No,VL-1191,Theo Sinclair,Standard,Legal Operations | Legal Ops - Leadership
VL-1193,Leila,Alvarado,leila.alvarado@vandelay.example,Legal Operations Manager,O1,Legal Ops - Leadership,Legal Operations,Legal Operations,Los Angeles,United States,Americas - US,Regional office,Remote,2016-11-13,9.8,No,VL-1191,Theo Sinclair,Standard,Legal Operations | Legal Ops - Leadership
VL-1194,Bram,Varga,bram.varga@vandelay.example,Legal Operations Manager,O1,Legal Ops - Leadership,Legal Operations,Legal Operations,Chicago,United States,Americas - US,Regional office,Office,2008-12-20,17.7,No,VL-1191,Theo Sinclair,Standard,Legal Operations | Legal Ops - Leadership
VL-1195,Reuben,Adler,reuben.adler@vandelay.example,Legal Operations Analyst,O2,Legal Ops - Staff,Legal Operations,Legal Operations,New York,United States,Americas - US,HQ,Office,2024-06-01,2.3,Yes,VL-1192,Tobias Pellegrini,Standard,Legal Operations | Legal Ops - Staff
VL-1196,Tariq,Rowe,tariq.rowe@vandelay.example,Legal Operations Analyst,O2,Legal Ops - Staff,Legal Operations,Legal Operations,Chicago,United States,Americas - US,Regional office,Hybrid,2021-11-28,4.8,No,VL-1192,Tobias Pellegrini,Standard,Legal Operations | Legal Ops - Staff
VL-1197,Ignacio,Nwosu,ignacio.nwosu@vandelay.example,Legal Operations Analyst,O2,Legal Ops - Staff,Legal Operations,Legal Operations,"Washington, DC",United States,Americas - US,Regional office,Hybrid,2022-08-23,4,No,VL-1192,Tobias Pellegrini,Standard,Legal Operations | Legal Ops - Staff
VL-1198,Ezra,Hartmann,ezra.hartmann@vandelay.example,Legal Operations Analyst,O2,Legal Ops - Staff,Legal Operations,Legal Operations,New York,United States,Americas - US,HQ,Hybrid,2005-04-17,21.4,No,VL-1192,Tobias Pellegrini,Standard,Legal Operations | Legal Ops - Staff
VL-1199,Noa,Moreau,noa.moreau@vandelay.example,Legal Operations Analyst,O2,Legal Ops - Staff,Legal Operations,Legal Operations,Chicago,United States,Americas - US,Regional office,Remote,2026-07-05,0.2,Yes,VL-1192,Tobias Pellegrini,Standard,Legal Operations | Legal Ops - Staff
VL-1200,Wren,Petrov,wren.petrov@vandelay.example,Legal Operations Analyst,O2,Legal Ops - Staff,Legal Operations,Legal Operations,New York,United States,Americas - US,HQ,Office,2021-09-17,5,No,VL-1192,Tobias Pellegrini,Standard,Legal Operations | Legal Ops - Staff
VL-1201,Sofia,Pellegrini,sofia.pellegrini@vandelay.example,Legal Technology Manager,O1,Legal Ops - Leadership,Legal Operations,Legal Technology,New York,United States,Americas - US,HQ,Hybrid,2008-10-15,17.9,No,VL-1191,Theo Sinclair,Admin,Legal Operations | Legal Ops - Leadership
VL-1202,Lorenzo,Fontaine,lorenzo.fontaine@vandelay.example,DMS Administrator,O2,Legal Ops - Staff,Legal Operations,Legal Technology,New York,United States,Americas - US,HQ,Remote,2020-05-13,6.3,No,VL-1201,Sofia Pellegrini,Admin,Legal Operations | Legal Ops - Staff
VL-1203,Gabriel,Diallo,gabriel.diallo@vandelay.example,DMS Administrator,O2,Legal Ops - Staff,Legal Operations,Legal Technology,New York,United States,Americas - US,HQ,Hybrid,2014-12-28,11.7,No,VL-1201,Sofia Pellegrini,Admin,Legal Operations | Legal Ops - Staff
VL-1204,Tariq,Karlsson,tariq.karlsson@vandelay.example,Legal Technology Analyst,O2,Legal Ops - Staff,Legal Operations,Legal Technology,"Washington, DC",United States,Americas - US,Regional office,Hybrid,2023-02-16,3.6,No,VL-1201,Sofia Pellegrini,Standard,Legal Operations | Legal Ops - Staff
VL-1205,Julian,Espinoza,julian.espinoza@vandelay.example,Legal Technology Analyst,O2,Legal Ops - Staff,Legal Operations,Legal Technology,New York,United States,Americas - US,HQ,Hybrid,2020-04-12,6.4,No,VL-1201,Sofia Pellegrini,Standard,Legal Operations | Legal Ops - Staff
VL-1206,Devin,Blackwood,devin.blackwood@vandelay.example,Legal Technology Analyst,O2,Legal Ops - Staff,Legal Operations,Legal Technology,New York,United States,Americas - US,HQ,Hybrid,2026-07-13,0.2,Yes,VL-1201,Sofia Pellegrini,Standard,Legal Operations | Legal Ops - Staff
VL-1207,Marcus,Larsson,marcus.larsson@vandelay.example,"Manager, Records & Information Governance",O1,Legal Ops - Leadership,Legal Operations,Records & Information Governance,New York,United States,Americas - US,HQ,Remote,2019-07-28,7.1,No,VL-1191,Theo Sinclair,Admin,Legal Operations | Legal Ops - Leadership
VL-1208,Felix,Sandoval,felix.sandoval@vandelay.example,Records Specialist,O2,Legal Ops - Staff,Legal Operations,Records & Information Governance,Chicago,United States,Americas - US,Regional office,Hybrid,2025-11-10,0.8,Yes,VL-1207,Marcus Larsson,Standard,Legal Operations | Legal Ops - Staff
VL-1209,Emmett,Bhatt,emmett.bhatt@vandelay.example,Records Specialist,O2,Legal Ops - Staff,Legal Operations,Records & Information Governance,Los Angeles,United States,Americas - US,Regional office,Hybrid,2024-01-15,2.7,No,VL-1207,Marcus Larsson,Standard,Legal Operations | Legal Ops - Staff
VL-1210,Leo,Salazar,leo.salazar@vandelay.example,Records Specialist,O2,Legal Ops - Staff,Legal Operations,Records & Information Governance,New York,United States,Americas - US,HQ,Office,2024-03-18,2.5,No,VL-1207,Marcus Larsson,Standard,Legal Operations | Legal Ops - Staff
VL-1211,Keira,Bassett,keira.bassett@vandelay.example,Records Specialist,O2,Legal Ops - Staff,Legal Operations,Records & Information Governance,Houston,United States,Americas - US,Regional office,Remote,2020-11-25,5.8,No,VL-1207,Marcus Larsson,Standard,Legal Operations | Legal Ops - Staff
VL-1212,Freya,Halvorsen,freya.halvorsen@vandelay.example,e-Billing & Vendor Analyst,O2,Legal Ops - Staff,Legal Operations,Vendor Management & e-Billing,New York,United States,Americas - US,HQ,Hybrid,2026-05-28,0.3,Yes,VL-1193,Leila Alvarado,Standard,Legal Operations | Legal Ops - Staff
VL-1213,Ingrid,Sorensen,ingrid.sorensen@vandelay.example,e-Billing & Vendor Analyst,O2,Legal Ops - Staff,Legal Operations,Vendor Management & e-Billing,"Washington, DC",United States,Americas - US,Regional office,Hybrid,2008-10-17,17.9,No,VL-1193,Leila Alvarado,Standard,Legal Operations | Legal Ops - Staff
VL-1214,Adrian,Nwosu,adrian.nwosu@vandelay.example,Knowledge Manager,O2,Legal Ops - Staff,Legal Operations,Knowledge Management,New York,United States,Americas - US,HQ,Hybrid,2025-09-25,1,Yes,VL-1194,Bram Varga,Standard,Legal Operations | Legal Ops - Staff
VL-1215,Kwame,Oyelaran,kwame.oyelaran@vandelay.example,Training & Enablement Lead,O2,Legal Ops - Staff,Legal Operations,Training & Enablement,New York,United States,Americas - US,HQ,Hybrid,2023-11-27,2.8,No,VL-1194,Bram Varga,Standard,Legal Operations | Legal Ops - Staff
VL-1226,Greta,Rowe,greta.rowe@vandelay.example,Executive Assistant,EA,Executive Assistant,Legal Operations,Executive Support,New York,United States,Americas - US,HQ,Hybrid,2022-11-04,3.8,No,VL-1191,Theo Sinclair,Standard,Legal Operations | Executive Assistant
